<?xml version="1.0" encoding="UTF-8" standalone="yes"?>
<addon id="nba.leaguepass.repo" name="nba.leaguepass.repo" version="1.0.0" provider-name="stevmert">
    <extension point="xbmc.addon.repository" name="Example Repository">
        <dir>
            <info compressed="false">https://raw.githubusercontent.com/stevmert/nba.leaguepass.repo/master/zips/addons.xml</info>
            <checksum>https://raw.githubusercontent.com/stevmert/nba.leaguepass.repo/master/zips/addons.xml.md5</checksum>
            <datadir zip="true">https://raw.githubusercontent.com/stevmert/nba.leaguepass.repo/master/zips/</datadir>
        </dir>
    </extension>
    <extension point="xbmc.addon.metadata">
        <summary>NBA League Pass repo</summary>
        <description>Repo for the unoffical nba league pass addon, as currently maintained by kokan. Replaces the one no longer maintained by maxgalbu.</description>
        <disclaimer></disclaimer>
        <platform>all</platform>
        <assets>
            <icon>icon.png</icon>
            <fanart>fanart.jpg</fanart>
        </assets>
    </extension>
</addon>
